name,city,address,shop_url
The Canna Club,The Hague,"The Canna Club, Nieuwstraat 4, The Hague 2511 AV",https://www.coffeeshopmenus.org/cs-canna-club.html
The Squad,Zaandam,"The Squad, Parkstraat 8, Zaandam 1503 WD",https://www.coffeeshopmenus.org/cs-squad.html
Empire,Haarlem,"Empire, Krocht 8, 2011 PT Haarlem",https://www.coffeeshopmenus.org/cs-empire.html
Katsu,Amsterdam,"Katsu, 1e van der Helststraat 70, Amsterdam 1072 NZ",https://www.coffeeshopmenus.org/cs-katsu.html
Happy Days,Lisse,"Happy Days, Heereweg 153, Lisse 2161 BC",https://www.coffeeshopmenus.org/cs-happy-days-lis.html
Africa,Tilburg,"Africa, Koopvaardijstraat 46, Tilburg 5017 BG",https://www.coffeeshopmenus.org/cs-africa.html
Rokade,Hengelo,"Rokade, Deldenerstraat 14, Hengelo 7551 AE",https://www.coffeeshopmenus.org/cs-rokade.html
Toermalijn,Tilburg,"Toermalijn, Besterdring 187, 5014 HK Tilburg",https://www.coffeeshopmenus.org/cs-toermalijn.html
Black Widow,Maastricht,"Black Widow, Bosscherweg 165, Maastricht 6219 AA",https://www.coffeeshopmenus.org/cs-blackwidow.html
Club 69,Maastricht,"Club 69, Grote Gracht 97, Maastricht 6211 SV",https://www.coffeeshopmenus.org/cs-club69.html
Spirit,Amsterdam,"Spirit, Westerstraat 121, Amsterdam 1015 LZ",https://www.coffeeshopmenus.org/cs-spirit.html
Abraxas,Amsterdam,"Abraxas, Jonge Roelensteeg 12 - 14, 1012 PL Amsterdam",https://www.coffeeshopmenus.org/cs-abraxas.html
Bulldog Rockshop,Amsterdam,"Bulldog Rockshop, Singel 12, Amsterdam 1013 GA",https://www.coffeeshopmenus.org/cs-bulldog-rockshop.html
Central,Amsterdam,"Central, Prins Hendrikkade 89, 1012 EA Amsterdam",https://www.coffeeshopmenus.org/cs-central.html
Easy Going,Maastricht,"Easy Going, Hoenderstraat 8, Maastricht 6211 EM",https://www.coffeeshopmenus.org/cs-easygoing.html
The Roundabout 69,Maastricht,"The Roundabout 69, Brusselsestraat 146, Maastricht 6211 PJ",https://www.coffeeshopmenus.org/cs-roundabout69.html
Uncle Sam,Arnhem,"Uncle Sam, Driekoningenstraat 21a, Arnhem 6828 EL",https://www.coffeeshopmenus.org/cs-uncle-sam.html
Culture Boat,Utrecht,"Culture Boat, Wittevrouwensingel 206, Utrecht 3572 CE",https://www.coffeeshopmenus.org/cs-culture-boat.html
1e Hulp,Amsterdam,"1e Hulp, Marnixstraat 194, 1016 TL Amsterdam",https://www.coffeeshopmenus.org/cs-1e-hulp.html
208,Utrecht,"208, Oudegracht 208, 3511 NR Utrecht",https://www.coffeeshopmenus.org/cs-208.html
420 Cafe (de Kuil),Amsterdam,"420 Cafe (de Kuil), Oudebrugsteeg 27, 1012 JN Amsterdam",https://www.coffeeshopmenus.org/cs-420-cafe.html
The 4 Floors,Rotterdam,"The 4 Floors, Eendrachtsweg 29, Rotterdam 3012 LB",https://www.coffeeshopmenus.org/cs-4-floors.html
7th Heaven,Amsterdam,"7th Heaven, Brouwersgracht 137, 1015 GE Amsterdam",https://www.coffeeshopmenus.org/cs-7thheaven.html
7th Heaven,Leeuwarden,"7th Heaven, Tuinen 38, Leeuwarden 8911 KE",https://www.coffeeshopmenus.org/cs-7thheavenl.html
96,Amsterdam,"96, Jan Pieter Heijestraat 96, 1053 GT Amsterdam",https://www.coffeeshopmenus.org/cs-96.html
Aarden,Vlissingen,"Aarden, Nieuwstraat 1, Vlissingen 4381CN",https://www.coffeeshopmenus.org/cs-aarden.html
Aarden Plan B,Goes,"Aarden Plan B, Grote Markt 7, Goes 4461 AH",https://www.coffeeshopmenus.org/cs-aardenplanb.html
Aktama,Den Helder,"Aktama, Industrieweg 1B, 1785 AG Den Helder",https://www.coffeeshopmenus.org/cs-aktama.html
Aktama 2,Amsterdam,"Aktama 2, Hudsonstraat 156, Amsterdam 1057 ST",https://www.coffeeshopmenus.org/cs-aktama2.html
De Ambassade,Zwijndrecht,"De Ambassade, IJsselmeer 27, Zwijndrecht 3332 EX",https://www.coffeeshopmenus.org/cs-ambassade.html
Amigo,Rotterdam,"Amigo, 's Gravendijkwal 138b, Rotterdam 3015 CC",https://www.coffeeshopmenus.org/cs-amigo-rot.html
Amnesia,Amsterdam,"Amnesia, Herengracht 133, 1015 BG Amsterdam",https://www.coffeeshopmenus.org/cs-amnesia.html
Andersom,Utrecht,"Andersom, Vismarkt 23, 3511 KS Utrecht",https://www.coffeeshopmenus.org/cs-andersom.html
Animo,Gouda,"Animo, Vest 18, Gouda 2801 VE",https://www.coffeeshopmenus.org/cs-animo.html
Ankara,Emmen,"Ankara, Minister Kanstraat 3, Emmen 7811 GN",https://www.coffeeshopmenus.org/cs-ankara.html
Anna,Purmerend,"Anna, Gedempte Singelgracht 19, Purmerend 1441 AN",https://www.coffeeshopmenus.org/cs-anna.html
Any Time,Alkmaar,"Any Time, Laat 16, Alkmaar 1811 EJ",https://www.coffeeshopmenus.org/cs-anytime.html
Atlas,Amsterdam,"Atlas, Parlevinker 8, 1034 PZ, Amsterdam",https://www.coffeeshopmenus.org/cs-atlas-ams.html
Baba,Amsterdam,"Baba, Barentszstraat 130, 1013 NS Amsterdam",https://www.coffeeshopmenus.org/cs-baba.html
Babylon,Amsterdam,"Babylon, Beursstraat 27, 1012 JV Amsterdam",https://www.coffeeshopmenus.org/cs-babylon.html
Bagheera,Amsterdam,"Bagheera, Kloveniersburgwal 60, Amsterdam 1012 CX",https://www.coffeeshopmenus.org/cs-bagheera.html
Balboa Family,Amsterdam,"Balboa Family, Halvemaansteeg 1, 1017 CR Amsterdam",https://www.coffeeshopmenus.org/cs-balboa-family.html
Het Ballonnetje,Amsterdam,"Het Ballonnetje, Roetersstraat 12, 1018 WD Amsterdam",https://www.coffeeshopmenus.org/cs-ballonnetje.html
Balou,Amsterdam,"Balou, Halvemaansteeg 5, 1017 CR Amsterdam",https://www.coffeeshopmenus.org/cs-balou.html
Bambu High Tea,Rotterdam,"Bambu High Tea, Noordsingel 201, 3035 ER, Rotterdam",https://www.coffeeshopmenus.org/cs-bambu-high-tea.html
BarberShop,Hellevoetsluis,"BarberShop, Kerkstraat 24, Hellevoetsluis 3221 AG",https://www.coffeeshopmenus.org/cs-barbershop.html
de Baron,Breda,"de Baron, Boschstraat 127, 4811 GG Breda",https://www.coffeeshopmenus.org/cs-baron.html
Barraka,Amsterdam,"Barraka, Gravensstraat 9, 1012 NL Amsterdam",https://www.coffeeshopmenus.org/cs-barraka.html
Basjoe,Amsterdam,"Basjoe, Kloveniersburgwal 62, 1012 CX Amsterdam",https://www.coffeeshopmenus.org/cs-basjoe.html
Bazar,Apeldoorn,"Bazar, Marktstraat 8, 7511 LH Apeldoorn",https://www.coffeeshopmenus.org/cs-bazar.html
Best Friends Oost,Amsterdam,"Best Friends Oost, Niasstraat 1, Amsterdam 1095 TS",https://www.coffeeshopmenus.org/cs-best-friends-oost.html
Bij,Amsterdam,"Bij, Bonairestraat 78, 1058 XL Amsterdam",https://www.coffeeshopmenus.org/cs-bij.html
Birdy,Haarlem,"Birdy, Schoterweg 19, 2021 HZ Haarlem",https://www.coffeeshopmenus.org/cs-birdy.html
Black Sea,Enschede,"Black Sea, Stadsgravenstraat 8, Enschede 7511 ES",https://www.coffeeshopmenus.org/cs-black-sea.html
Blackstar,Amsterdam,"Blackstar, Rozengracht 1a, 1016 LP Amsterdam",https://www.coffeeshopmenus.org/cs-black-star.html
De Blikken Deur,Deventer,"De Blikken Deur, Nieuwstraat 70, Deventer 7411 LN",https://www.coffeeshopmenus.org/cs-blikkendeur.html
Koffie en Dromen (Blowboot),Almere,"Koffie en Dromen (Blowboot), Festivalplein 19, Almere 1315 KL",https://www.coffeeshopmenus.org/cs-blowbootalmere.html
Blue and White,Scheveningen,"Blue and White, Bosschestraat 63, Scheveningen 2587 HC",https://www.coffeeshopmenus.org/cs-blue-and-white.html
Bluebird,Amsterdam,"Bluebird, Sint Antoniesbreestraat 71, 1011 HB Amsterdam",https://www.coffeeshopmenus.org/cs-bluebird.html
Blue Lagoon,Amsterdam,"Blue Lagoon, Overtoom 342, 1054 JE Amsterdam",https://www.coffeeshopmenus.org/cs-blue-lagoon.html
Blue Sea,Amsterdam,"Blue Sea, Van Woustraat 87, 1074 AE Amsterdam",https://www.coffeeshopmenus.org/cs-blue-sea.html
Blue Tomato,Hoorn,"Blue Tomato, Neutronweg 11, 1627 LG, Hoorn",https://www.coffeeshopmenus.org/cs-blue-tomato.html
Bob Marley,Rotterdam,"Bob Marley, Nieuwe Binnenweg 403a, Rotterdam 3023 EM",https://www.coffeeshopmenus.org/cs-bobmarley.html
de Boeddha,Delft,"de Boeddha, Achterom 19a, 2611 CL Delft",https://www.coffeeshopmenus.org/cs-boeddha.html
Boerejongens Almere,Almere,"Boerejongens Almere, Grote Markt 23, Almere 1315 JA",https://www.coffeeshopmenus.org/cs-boerejongensalmere.html
Boerejongens Centrum,Amsterdam,"Boerejongens Centrum, Utrechtsestraat 21, 1017 VH Amsterdam",https://www.coffeeshopmenus.org/cs-boerejongens-cent.html
Boerejongens Sloterdijk,Amsterdam,"Boerejongens Sloterdijk, Humberweg 2, Amsterdam 1043 AL",https://www.coffeeshopmenus.org/cs-boerejongens-slot.html
Boerejongens West,Amsterdam,"Boerejongens West, Baarsjesweg 239, Amsterdam 1058 AA",https://www.coffeeshopmenus.org/cs-boerejongens-west.html
de Bommel,Amsterdam,"de Bommel, Balboastraat 19, 1057 VT Amsterdam",https://www.coffeeshopmenus.org/cs-bommel.html
The Border,Amsterdam,"The Border, Amstelveenseweg 1160, Amsterdam 1081 JW",https://www.coffeeshopmenus.org/cs-border.html
De Bovenstad,Gorinchem,"De Bovenstad, Burgstraat 47, Gorinchem 4201 AB",https://www.coffeeshopmenus.org/cs-bovenstad.html
The Box,Scheveningen,"The Box, Havenkade 16, Scheveningen 2586 TS",https://www.coffeeshopmenus.org/cs-box.html
Bronx,Amsterdam,"Bronx, Marnixstraat 92, 1015 VZ Amsterdam",https://www.coffeeshopmenus.org/cs-bronx.html
De Brug,Alkmaar,"De Brug, Herenstraat 1, 1811 MH, Alkmaar",https://www.coffeeshopmenus.org/cs-brug.html
Buggy,Nijmegen,"Buggy, Platenmakersstraat 8, Nijmegen 6511 TZ",https://www.coffeeshopmenus.org/cs-buggy.html
Bulldog Energy,Amsterdam,"Bulldog Energy, Oudezijds Voorburgwal 220, Amsterdam 1012 GJ",https://www.coffeeshopmenus.org/cs-bulldog-energy.html
Bulldog Palace,Amsterdam,"Bulldog Palace, Leidseplein 17, Amsterdam 1017 PS",https://www.coffeeshopmenus.org/cs-bulldog-palace.html
Bulls,Deventer,"Bulls, Op de Keizer 28, 7411 TA Deventer",https://www.coffeeshopmenus.org/cs-bulls.html
Bullwackie,Amsterdam,"Bullwackie, Woestduinstraat 76, 1058 TJ Amsterdam",https://www.coffeeshopmenus.org/cs-bullwackie.html
Bushdocter,Amsterdam,"Bushdocter, Thorbeckeplein 28, 1017 CS Amsterdam",https://www.coffeeshopmenus.org/cs-bushdocter.html
Buybye,Gouda,"Buybye, Speldenmakerssteeg 8, 2801 XN Gouda",https://www.coffeeshopmenus.org/cs-buy-bye.html
Carmona,Amsterdam,"Carmona, 2e Jan van der Heijdenstraat 43, 1074 TL Amsterdam",https://www.coffeeshopmenus.org/cs-carmona.html
Casa,Zoetermeer,"Casa, Amerikaweg 145, 2717AV Zoetermeer",https://www.coffeeshopmenus.org/cs-casa.html
The Cat,Breda,"The Cat, Marterring 1, Breda 4817 GV",https://www.coffeeshopmenus.org/cs-cat.html
Catch 33,Amsterdam,"Catch 33, Nassaukade 33, 1052 CK Amsterdam",https://www.coffeeshopmenus.org/cs-catch-33.html
Catweazle,Culemborg,"Catweazle, Kattenstraat 7, Culemborg 4101 BL",https://www.coffeeshopmenus.org/cs-catweazle.html
Chapiteau,Amsterdam,"Chapiteau, Van Boetzelaerstraat 31, 1051 CT Amsterdam",https://www.coffeeshopmenus.org/cs-chapiteau.html
Charlois,Rotterdam,"Charlois, Bas Jungeriusstraat 161b, Rotterdam 3081 VB",https://www.coffeeshopmenus.org/cs-charlois.html
Cheech & Chong's 2,Amsterdam,"Cheech & Chong's 2, De Clercqstraat 30, 1052 NE Amsterdam",https://www.coffeeshopmenus.org/cs-cheech-chongs-2.html
Chillie Kiki,Almere-Haven,"Chillie Kiki, Schoolstraat 260, Almere-Haven 1354 HX",https://www.coffeeshopmenus.org/cs-chilliekiki.html
Chip N Dale,den Bosch,"Chip N Dale, Hinthamerstraat 104, 5211 MS 's-Hertogenbosch",https://www.coffeeshopmenus.org/cs-chip-n-dale.html
City Hall,Amsterdam,"City Hall, Oudezijds Voorburgwal 189, Amsterdam 1012 EW",https://www.coffeeshopmenus.org/cs-city-hall.html
Coffee and Dreams,Leiden,"Coffee and Dreams, Nieuwe Beestenmarkt 34, 2312 CH Leiden",https://www.coffeeshopmenus.org/cs-coffee-and-dreams.html
CoffeeshopAmsterdam,Amsterdam,"CoffeeshopAmsterdam, Haarlemmerstraat 44, 1013 ES, Amsterdam",https://www.coffeeshopmenus.org/cs-coffeeshop-amsterdam.html
Gallery Colorado,Utrecht,"Gallery Colorado, Vlampijpstraat 52, 3534bAR Utrecht",https://www.coffeeshopmenus.org/cs-colorado.html
Columbus,Harderwijk,"Columbus, Vijhestraat 3, Harderwijk 3841 CW",https://www.coffeeshopmenus.org/cs-columbus.html
Cool Running,Maastricht,"Cool Running, Brusselsestraat 35, Maastricht 6211 PB",https://www.coffeeshopmenus.org/cs-coolrunning.html
The Corner,Amsterdam,"The Corner, Spaarndammerdijk 9, Amsterdam 1013 ZM",https://www.coffeeshopmenus.org/cs-corner.html
Crackers,Tilburg,"Crackers, Bredaseweg 165, Tilburg 5038 ND",https://www.coffeeshopmenus.org/cs-crackers.html
CrashLight,Amsterdam,"CrashLight, Pretoriusstraat 67, 1092 GB Amsterdam",https://www.coffeeshopmenus.org/cs-crash-light.html
Cremers,den Haag,"Cremers, Prinsestraat 84, 2513 CG 's-Gravenhage ( Den Haag )",https://www.coffeeshopmenus.org/cs-cremers.html
The Crow,The Hague,"The Crow, Hooikade 7, The Hague 2514 BH",https://www.coffeeshopmenus.org/cs-crow.html
Crush,Amsterdam,"Crush, Marnixstraat 383, 1016 XR Amsterdam",https://www.coffeeshopmenus.org/cs-crush.html
Dakota,Nijmegen,"Dakota, Lange Hezelstraat 113a, Nijmegen 6511 CG",https://www.coffeeshopmenus.org/cs-dakota.html
Dampkring,Amsterdam,"Dampkring, Handboogstraat 29, 1012 XM Amsterdam",https://www.coffeeshopmenus.org/cs-dampkring.html
Dees Cafe,Groningen,"Dees Cafe, Papengang 3, Groningen 9711 PA",https://www.coffeeshopmenus.org/cs-deescafe.html
Demo,The Hague,"Demo, Herenstraat 8c, The Hague 2511 EA",https://www.coffeeshopmenus.org/cs-demo.html
Dikrayaat,Wolvega,"Dikrayaat, Heerenveensweg 12, 8471 BE Wolvega",https://www.coffeeshopmenus.org/cs-dikrayaat.html
Dizzy Duck,den Haag,"Dizzy Duck, Trompstraat 210, 2518 BR Den Haag",https://www.coffeeshopmenus.org/cs-dizzy-duck.html
Dizzy Duck Downtown,den Haag,"Dizzy Duck Downtown, Fluwelen Burgwal 1-C, The Hague 2511 CH",https://www.coffeeshopmenus.org/cs-dizzy-duck-downtown.html
D&L,Amsterdam,"D&L, Govert Flinckstraat 323, 1074 CB Amsterdam",https://www.coffeeshopmenus.org/cs-d-l.html
DNA,Amsterdam,"DNA, Achillesstraat 104, 1076 RH Amsterdam",https://www.coffeeshopmenus.org/cs-dna.html
Doctor Green,The Hague,"Doctor Green, Herenstraat 7, The Hague 2511 CZ",https://www.coffeeshopmenus.org/cs-doctor-green.html
Tha Dogg House,Amsterdam,"Tha Dogg House, Marnixstraat 333, Amsterdam 1016 TC",https://www.coffeeshopmenus.org/cs-dogghouse.html
Double AA,Leiden,"Double AA, Nieuwe Beestenmarkt 5, 2312 CG Leiden",https://www.coffeeshopmenus.org/cs-double-aa.html
Downtown,Leeuwarden,"Downtown, Wortelhaven 85, 8911 GL Leeuwarden",https://www.coffeeshopmenus.org/cs-downtown.html
Dreadlock,Nijmegen,"Dreadlock, Vlaamsegas 40, Nijmegen 6511 HR",https://www.coffeeshopmenus.org/cs-dreadlock.html
Dreamland,Haarlem,"Dreamland, Brouwersplein 44, Haarlem 2013 PH",https://www.coffeeshopmenus.org/cs-dreamland.html
Dreams,Rotterdam,"Dreams, Slaghekstraat 58a, Rotterdam 3074 LN",https://www.coffeeshopmenus.org/cs-dreams.html
De Driemaster,Groningen,"De Driemaster, Nieuweweg 18, Groningen 9711 TD",https://www.coffeeshopmenus.org/cs-driemaster.html
Dutch Flowers,Hilversum,"Dutch Flowers, Leeuwenstraat 25, Hilversum 1211 ES",https://www.coffeeshopmenus.org/cs-dutchflowers.html
Dutch Gold,Alphen aan den Rijn,"Dutch Gold, Hooftstraat 96, Alphen aan den Rijn 2406 GM",https://www.coffeeshopmenus.org/cs-dutchgold.html
Eastwood,Amsterdam,"Eastwood, Pieter Vlamingstraat 286, 1093 AK Amsterdam",https://www.coffeeshopmenus.org/cs-eastwood.html
Easy Max,Haarlem,"Easy Max, Barrevoetestraat 23, Haarlem 2011 WN",https://www.coffeeshopmenus.org/cs-easy-max.html
Easy Times,Amsterdam,"Easy Times, Prinsengracht 476, 1017 KG Amsterdam",https://www.coffeeshopmenus.org/cs-easy-times.html
Easy Times 2,Amsterdam,"Easy Times 2, Reguliersdwarsstraat 29, Amsterdam 1017 BJ",https://www.coffeeshopmenus.org/cs-easytimes2.html
Edge,Enschede,"Edge, Noorderhagen 56, 7511 EM Enschede",https://www.coffeeshopmenus.org/cs-edge.html
Eerste Kamer,Leiden,"Eerste Kamer, Steenstraat 15, 2312 BS Leiden",https://www.coffeeshopmenus.org/cs-eerste-kamer.html
Espresso,Mijdrecht,"Espresso, Rondweg 1B, 3641 SC Mijdrecht",https://www.coffeeshopmenus.org/cs-espresso.html
Eurogarden,Eindhoven,"Eurogarden, Stuiverstraat 146, 5611 TC, Eindhoven",https://www.coffeeshopmenus.org/cs-eurogarden.html
Family First,Amsterdam,"Family First, Amstel 36, Amsterdam 1017 AB",https://www.coffeeshopmenus.org/cs-family-first.html
Fantasia,Maastricht,"Fantasia, Sint Annalaan 3a, Maastricht 6214 AA",https://www.coffeeshopmenus.org/cs-fantasia.html
Flower Power,Amsterdam,"Flower Power, Rozengracht 139, 1016 LV Amsterdam",https://www.coffeeshopmenus.org/cs-flower-power.html
Fly,den Haag,"Fly, Veenkade 46, The Hague 2513 EH",https://www.coffeeshopmenus.org/cs-fly.html
Fly'n'Hy,Breda,"Fly'n'Hy, Houtmarkt 23, Breda 4811 JC",https://www.coffeeshopmenus.org/cs-flynhy.html
Freak,Utrecht,"Freak, Breedstraat 55, 3512 TV Utrecht",https://www.coffeeshopmenus.org/cs-freak.html
The Freak Brothers,The Hague,"The Freak Brothers, Westeinde 86, The Hague 2512 HE",https://www.coffeeshopmenus.org/cs-freakbrothers.html
Freedom,Amsterdam,"Freedom, Van Hogendorpstraat 201, 1051 CA Amsterdam",https://www.coffeeshopmenus.org/cs-freedom.html
Free I,Amsterdam,"Free I, Reguliersdwarsstraat 70, 1017 BN Amsterdam",https://www.coffeeshopmenus.org/cs-free-i.html
Funny People 2,Amsterdam,"Funny People 2, Tt. Vasumweg 4C, Amsterdam 1033 SC",https://www.coffeeshopmenus.org/cs-funnypeople2.html
The Future,Apeldoorn,"The Future, Nieuwstraat 64, Apeldoorn 7311 BT",https://www.coffeeshopmenus.org/cs-future-ap.html
The Future,Delft,"The Future, Peperstraat 8, Delft 2611 CH",https://www.coffeeshopmenus.org/cs-future-del.html
Galaxy,den Haag,"Galaxy, Weimarstraat 245, 2562 HH Den Haag",https://www.coffeeshopmenus.org/cs-galaxy.html
The Game,Delft,"The Game, Breestraat 30, 2611 RG Delft",https://www.coffeeshopmenus.org/cs-game.html
't Geeltje,Rotterdam,"'t Geeltje, Claes de Vrieselaan 92a, 3021 JT Rotterdam",https://www.coffeeshopmenus.org/cs-geeltje.html
't Gierenest,Amsterdam,"'t Gierenest, Amstelveenseweg 61, 1075 VV Amsterdam",https://www.coffeeshopmenus.org/cs-geirenest.html
het Gelderse,Amsterdam,"het Gelderse, Geldersekade 54, 1012 BK Amsterdam",https://www.coffeeshopmenus.org/cs-gelderse.html
Get Down To It,Amsterdam,"Get Down To It, Korte Leidsedwarsstraat 77-79, 1017 PW Amsterdam",https://www.coffeeshopmenus.org/cs-get-down.html
The Goat,The Hague,"The Goat, Spui 241, The Hague 2511 BP",https://www.coffeeshopmenus.org/cs-goat.html
't Grasje,Utrecht,"'t Grasje, Obrechtstraat 1, 3572 EA Utrecht",https://www.coffeeshopmenus.org/cs-grasje.html
The Grass Company,Tilburg,"The Grass Company, Spoorlaan 360, Tilburg 5038 CD",https://www.coffeeshopmenus.org/cs-grasscompany.html
The Grass Company,den Bosch,"The Grass Company, Emmaplein 24-A, 5211 VW, 's-Hertogenbosch (Den Bosch)",https://www.coffeeshopmenus.org/cs-grass-company.html
The Grass Company 2,Tilburg,"The Grass Company 2, Piusstraat 124, Tilburg 5021 JC",https://www.coffeeshopmenus.org/cs-grasscompany2.html
The Greengrocers,Haarlem,"The Greengrocers, Lange Veerstraat 47, Haarlem 2011 DA",https://www.coffeeshopmenus.org/cs-greengrocers.html
Greenhouse Centrum,Amsterdam,"Greenhouse Centrum, Oudezijds Voorburgwal 191, 1012 EW Amsterdam",https://www.coffeeshopmenus.org/cs-greenhouse-centrum.html
Greenhouse Cookies,Amsterdam,"Greenhouse Cookies, Haarlemmerstraat 64, Amsterdam 1013 ET",https://www.coffeeshopmenus.org/cs-greenhouse-cookies.html
Greenhouse Effect,Amsterdam,"Greenhouse Effect, Nieuwmarkt 14, Amsterdam 1012 CR",https://www.coffeeshopmenus.org/cs-greenhouse-effect-1.html
Greenhouse Namaste,Amsterdam,"Greenhouse Namaste, Waterlooplein 345, Amsterdam 1011 PG",https://www.coffeeshopmenus.org/cs-greenhouse-namaste.html
Green House Secret Farmers,den Haag,"Green House Secret Farmers, Elandstraat 18, The Hague 2513 GR",https://www.coffeeshopmenus.org/cs-greenhouse-sf.html
Greenhouse Strain Hunters,Amsterdam,"Greenhouse Strain Hunters, Singel 387, 1012 WN Amsterdam",https://www.coffeeshopmenus.org/cs-greenhouse-strain-hunters.html
Green Place,Amsterdam,"Green Place, Kloveniersburgwal 4, 1012 CT Amsterdam",https://www.coffeeshopmenus.org/cs-green-place.html
Green Place 2,Amsterdam,"Green Place 2, Haarlemmerstraat 6, Amsterdam 1013 ER",https://www.coffeeshopmenus.org/cs-green-place-2.html
Green Valley,Ede,"Green Valley, De Halte 21A, Ede 6711 NZ",https://www.coffeeshopmenus.org/cs-greenvalley.html
Grey Area,Amsterdam,"Grey Area, Oude Leliestraat 2, 1015 AW Amsterdam",https://www.coffeeshopmenus.org/cs-grey-area.html
Griffioen,Utrecht,"Griffioen, Griffioenlaan, Utrecht 3526 LA",https://www.coffeeshopmenus.org/cs-griffioen.html
De Groene Gaper,Hoofddorp,"De Groene Gaper, Graftermeerstraat 10, Hoofddorp 2131 AC",https://www.coffeeshopmenus.org/cs-groene-gaper.html
Coffeeshop Haarlem,Haarlem,"Coffeeshop Haarlem, Doelstraat 29, Haarlem 2011 XB",https://www.coffeeshopmenus.org/cs-haarlem.html
Hacas,Soest,"Hacas, Koninginnelaan 25, Soest 3762 DA",https://www.coffeeshopmenus.org/cs-hacas.html
Halicarnas,Venray,"Halicarnas, Henseniusstraat 47, Venray 5801 AW",https://www.coffeeshopmenus.org/cs-halicarnas.html
Happy Days,Amsterdam,"Happy Days, Amsteldijk 139, Amsterdam 1079 LE",https://www.coffeeshopmenus.org/cs-happy-days-ams.html
Happy Days,Hoensbroek,"Happy Days, Akerstraat Noord 220, Hoensbroek 6431 HT",https://www.coffeeshopmenus.org/cs-happydayshoe.html
Happy Feelings,Amsterdam,"Happy Feelings, Kerkstraat 51, 1017 GC Amsterdam",https://www.coffeeshopmenus.org/cs-happy-feelings.html
Happy People,Amsterdam,"Happy People, Dapperstraat 2, 1093 BT Amsterdam",https://www.coffeeshopmenus.org/cs-happy-people.html
Happy Smile,den Haag,"Happy Smile, Verheeskade 30, 2521 BN Den Haag",https://www.coffeeshopmenus.org/cs-happy-smile.html
Hashtag,Amsterdam,"Hashtag, Reguliersgracht 27, Amsterdam 1017 LK",https://www.coffeeshopmenus.org/cs-hashtag.html
Headlines,Zaandam,"Headlines, Rozengracht 90, Zaandam 1506 SE",https://www.coffeeshopmenus.org/cs-headlines.html
Headshop,Nijmegen,"Headshop, Kelfkensbos 46, Nijmegen 6511 TB",https://www.coffeeshopmenus.org/cs-headshop.html
High Society,Leiden,"High Society, Lange Scheistraat 5, 2312 CG, Leiden",https://www.coffeeshopmenus.org/cs-high-society.html
High-Time,Alkmaar,"High-Time, Spoorstraat 99, Alkmaar 1815 CA",https://www.coffeeshopmenus.org/cs-hightime-alk.html
HiLo,Utrecht,"HiLo, Croeslaan 213, 3521 BN Utrecht",https://www.coffeeshopmenus.org/cs-hilo.html
The Hit,The Hague,"The Hit, Valkenboslaan 45a, The Hague 2563 CE",https://www.coffeeshopmenus.org/cs-hit.html
The Hit,Amsterdam,"The Hit, Rusland 16, Amsterdam 1012 CL",https://www.coffeeshopmenus.org/cs-hit2.html
Hofnar,Harlingen,"Hofnar, Franekereind 17, Harlingen 8861 AA",https://www.coffeeshopmenus.org/cs-hofnar.html
Horizon,Amersfoort,"Horizon, Achter de Arnhemse Poortwal 55, 3811 LX, Amersfoort",https://www.coffeeshopmenus.org/cs-horizon.html
Hunter's Downtown,Amsterdam,"Hunter's Downtown, Utrechtsestraat 14, Amsterdam 1017 VN",https://www.coffeeshopmenus.org/cs-huntersdowntown.html
Hunters Haarlem,Haarlem,"Hunters Haarlem, Schoterweg 66, 2021 HP Haarlem",https://www.coffeeshopmenus.org/cs-hunters-ha.html
Hunter's West,Amsterdam,"Hunter's West, Orteliusstraat 193, Amsterdam 1056 NP",https://www.coffeeshopmenus.org/cs-hunters-mercator.html
Hunter's North - Papaverweg,Amsterdam,"Hunter's North - Papaverweg, Papaverweg 2, Amsterdam 1032 KH",https://www.coffeeshopmenus.org/cs-huntersnorthpapaverweg.html
Hunter's North - Waterlandplein,Amsterdam,"Hunter's North - Waterlandplein, Waterlandplein 7, Amsterdam 1024 LL",https://www.coffeeshopmenus.org/cs-huntersnorthwaterlandplein.html
Hunter's Rotterdam,Rotterdam,"Hunter's Rotterdam, Henegouwerlaan 73, Rotterdam 3021 CT",https://www.coffeeshopmenus.org/cs-huntersrotterdam.html
Hunter's Zandvoort,Zandvoort,"Hunter's Zandvoort, Stationsstraat 9 - 11, 2042 LD, Zandvoort",https://www.coffeeshopmenus.org/cs-hunters-z.html
Ibiza,Amsterdam,"Ibiza, Hemonystraat 16, 1074 BP Amsterdam",https://www.coffeeshopmenus.org/cs-ibiza.html
Jamaica,Nijmegen,"Jamaica, van Welderenstraat 96, 6522 MS, Nijmegen",https://www.coffeeshopmenus.org/cs-jamaica.html
Joe Cool,IJmuiden,"Joe Cool, Kanaalstraat 25, IJmuiden 1975 BA",https://www.coffeeshopmenus.org/cs-joecool.html
John and Co.,Hellevoetsluis,"John and Co., Stephensonweg 1, Hellevoetsluis 3225 LW",https://www.coffeeshopmenus.org/cs-johnandco.html
Johnny,Amsterdam,"Johnny, Elandsgracht 3, 1016 TM Amsterdam",https://www.coffeeshopmenus.org/cs-johnny.html
Joint Venture,Arnhem,"Joint Venture, Munterstraat 4, Arnhem 6811 GP",https://www.coffeeshopmenus.org/cs-jointventure.html
Join Us 2,Haarlem,"Join Us 2, Schalkwijkerstraat 23, Haarlem 2033 JB",https://www.coffeeshopmenus.org/cs-joinus2.html
Jollygood,Amsterdam,"Jollygood, 2e Laurierdwarsstraat 44, Amsterdam 1016 RB",https://www.coffeeshopmenus.org/cs-jollygood.html
Jolly Joker,Amsterdam,"Jolly Joker, Nieuwmarkt 4a, 1012 BC Amsterdam",https://www.coffeeshopmenus.org/cs-jolly-joker.html
De Kade,Amsterdam,"De Kade, Stadionkade 107, 1076 BN Amsterdam",https://www.coffeeshopmenus.org/cs-kade.html
Kadinsky,Amsterdam,"Kadinsky, Rosmarijnsteeg 9, Amsterdam 1012 RP",https://www.coffeeshopmenus.org/cs-kadinsky.html
Kadinsky 2,Amsterdam,"Kadinsky 2, Zoutsteeg 14, Amsterdam 1012 LX",https://www.coffeeshopmenus.org/cs-kadinsky2.html
Kadinsky 3,Amsterdam,"Kadinsky 3, Langebrugsteeg 7a, Amsterdam 1012 GB",https://www.coffeeshopmenus.org/cs-kadinsky3.html
Kashmir Coffeeshop,Amsterdam,"Kashmir Coffeeshop, Jan Pieter Heijestraat 82, Amsterdam 1053 GS",https://www.coffeeshopmenus.org/cs-kashmir-coffeeshop.html
de Keeper,Amsterdam,"de Keeper, Van Woustraat 193, 1074 AN Amsterdam",https://www.coffeeshopmenus.org/cs-keeper.html
Ketama,Nijmegen,"Ketama, De Ruyterstraat 19, 6512 GA, Nijmegen",https://www.coffeeshopmenus.org/cs-ketama.html
't Keteltje,Amsterdam,"'t Keteltje, Marnixstraat 74, 1015 VX Amsterdam",https://www.coffeeshopmenus.org/cs-keteltje.html
De Kink,Ede,"De Kink, De Halte 81, Ede 6711 NZ",https://www.coffeeshopmenus.org/cs-kink.html
Koffie en Dromen,Lelystad,"Koffie en Dromen, Noord Stationsweg 21, Lelystad 8232 JT",https://www.coffeeshopmenus.org/cs-koffieendromen.html
Kosbor,Maastricht,"Kosbor, Kleine Gracht 3, 6211 CA Maastricht",https://www.coffeeshopmenus.org/cs-kosbor.html
Kronkel,Nijmegen,"Kronkel, Vlaamsegas 26-36, Nijmegen 6511 HR",https://www.coffeeshopmenus.org/cs-kronkel.html
de Kroon,Amsterdam,"de Kroon, Oudebrugsteeg 26, 1012 JP Amsterdam",https://www.coffeeshopmenus.org/cs-kroon.html
De Kruidenier Cannabis Takeaway,Haarlem,"De Kruidenier Cannabis Takeaway, Nassaulaan 54, 2011 PE Haarlem",https://www.coffeeshopmenus.org/cs-kruidenier.html
Kruidentuin,Nijmegen,"Kruidentuin, Kannenmarkt 9, Nijmegen 6511 KC",https://www.coffeeshopmenus.org/cs-kruidentuin.html
't Kunsje,Nijmegen,"'t Kunsje, 2e Walstraat 108, 6511 LW Nijmegan",https://www.coffeeshopmenus.org/cs-kunsje.html
Leidseplein,Leiden,"Leidseplein, Pieterskerkgracht 28, 2311 SZ, Leiden",https://www.coffeeshopmenus.org/cs-leidseplein.html
Level013,Tilburg,"Level013, St. Annaplein 13, Tilburg 5038 TV",https://www.coffeeshopmenus.org/cs-level013.html
Liberty,Leeuwarden,"Liberty, Herenwaltje 12, 8911 HN Leeuwarden",https://www.coffeeshopmenus.org/cs-liberty-l.html
Liberty,Zutphen,"Liberty, Nieuwstad 49, 7201 NL Zutphen",https://www.coffeeshopmenus.org/cs-liberty-z.html
Loft,Amsterdam,"Loft, Jan van Galenstraat 285, 1056 CA Amsterdam",https://www.coffeeshopmenus.org/cs-loft.html
London,The Hague,"London, Torenstraat 81, The Hague 2513 BP",https://www.coffeeshopmenus.org/cs-london.html
De Loods,Amersfoort,"De Loods, Textielweg 11, Amersfoort 3812 RV",https://www.coffeeshopmenus.org/cs-loods.html
Lucky Luke,Arnhem,"Lucky Luke, Sonsbeeksingel 91, Arnhem 6821 AC",https://www.coffeeshopmenus.org/cs-lucky-luke.html
Lucky Luke,Nijmegen,"Lucky Luke, 2e Walstraat 161, Nijmegen 6511 LT",https://www.coffeeshopmenus.org/cs-luckylukenij.html
Magic,Doetinchem,"Magic, Veemarkt 10, Doetinchem 7001 EE",https://www.coffeeshopmenus.org/cs-magicdo.html
Magic,den Haag,"Magic, Gortstraat 6, 2511 GK den Haag",https://www.coffeeshopmenus.org/cs-magic-haag.html
Majestic,Breda,"Majestic, Boschstraat 154, Breda 4811 GL",https://www.coffeeshopmenus.org/cs-majestic.html
Manhattan,Waalwijk,"Manhattan, Bloemenoordplein 40a, 5143 TC Wallwijk",https://www.coffeeshopmenus.org/cs-manhattan.html
Marbella Special Farmers,The Hague,"Marbella Special Farmers, Weimarstraat 244, The Hague 2562 HR",https://www.coffeeshopmenus.org/cs-marbellaspecialfarmers.html
El Marssa,Amsterdam,"El Marssa, Witte de Withstraat 106, 1057 ZG Amsterdam",https://www.coffeeshopmenus.org/cs-marssa.html
Mary Jane,Maastricht,"Mary Jane, Hoogbrugstraat 4, Maastricht 6221 CR",https://www.coffeeshopmenus.org/cs-maryjane.html
Massawa,Amsterdam,"Massawa, Chassestraat 4, 1057 JD, Amsterdam",https://www.coffeeshopmenus.org/cs-massawa.html
Maxcys,Maastricht,"Maxcys, Rechtstraat 60a, 6221 EK, Maastricht",https://www.coffeeshopmenus.org/cs-maxcys.html
Maximillian,Haarlem,"Maximillian, Gedempte Oudegracht 123, 2011GP Haarlem",https://www.coffeeshopmenus.org/cs-maximillian.html
Maximillian,Tilburg,"Maximillian, Korvelseweg 192, Tilburg 5025 JM",https://www.coffeeshopmenus.org/cs-maximillian-til.html
de Mazzelaar,den Haag,"de Mazzelaar, Zoutmanstraat 29, 2518 GL, The Hague ('s-Gravenhage, Den Haag)",https://www.coffeeshopmenus.org/cs-mazzelaar.html
Club Media,Amsterdam,"Club Media, Gerard Doustraat 83-85, 1072 VN Amsterdam",https://www.coffeeshopmenus.org/cs-media.html
Mediterrane (Drewissharing),Amsterdam,"Mediterrane (Drewissharing), Spuistraat 80, Amsterdam 1012 TX",https://www.coffeeshopmenus.org/cs-mediterrane.html
De Medley,Groningen,"De Medley, Gedempte Zuiderdiep 64, Groningen 9711 HK",https://www.coffeeshopmenus.org/cs-medley.html
Meetpoint,den Bosch,"Meetpoint, Hinthamerstraat 104, 5211 MS 's-Hertogenbosch",https://www.coffeeshopmenus.org/cs-meetpoint.html
Metamorphose,Groningen,"Metamorphose, Oude Boteringestraat 53, Groningen 9712 GE",https://www.coffeeshopmenus.org/cs-metamorphose.html
Miami,Enschede,"Miami, Noorderhagen 5, Enschede 7511 EJ",https://www.coffeeshopmenus.org/cs-miami.html
Millennium,Amsterdam,"Millennium, Jan Hanzenstraat 109, 1053 SN, Amsterdam",https://www.coffeeshopmenus.org/cs-millennium.html
Mississippi,Maastricht,"Mississippi, Maaspromenade 11, Maastricht 6211 AE",https://www.coffeeshopmenus.org/cs-mississippi.html
Missouri,Maastricht,"Missouri, Hoogbrugstraat 31, Maastricht 6221 CN",https://www.coffeeshopmenus.org/cs-missouri.html
Le Mistral,den Haag,"Le Mistral, Weimarstraat 378, 2562 HW The Hague",https://www.coffeeshopmenus.org/cs-mistral.html
Mix,Enschede,"Mix, Haverstraatpassage 44-46, Enschede 7511 EX",https://www.coffeeshopmenus.org/cs-mix.html
Moby Dick,Hengelo,"Moby Dick, Emmaweg 4, Hengelo 7551 BH",https://www.coffeeshopmenus.org/cs-moby-dick.html
Mon Camarade,Rotterdam,"Mon Camarade, 1e Middellandstraat 10a, 3014 BD, Rotterdam",https://www.coffeeshopmenus.org/cs-mon-camarade.html
Moonlight,The Hague,"Moonlight, Bilderdijkstraat 8a, The Hague 2513 CP",https://www.coffeeshopmenus.org/cs-moonlight.html
de Muze,Tilburg,"de Muze, Tuinstraat 43, 5038 DA Tilburg",https://www.coffeeshopmenus.org/cs-muze.html
Nachtegaal,Amsterdam,"Nachtegaal, Krugerplein 22, 1091 KZ Amsterdam",https://www.coffeeshopmenus.org/cs-nachtegaal.html
Nebula,The Hague,"Nebula, Boerenstraat 89-a, The Hague 2572 HV",https://www.coffeeshopmenus.org/cs-nebula.html
New Amsterdam,Amsterdam,"New Amsterdam, Hoofdweg 226, 1057 DG, Amsterdam",https://www.coffeeshopmenus.org/cs-new-amsterdam.html
New Times,Amsterdam,"New Times, Spuistraat 260, 1012 VW Amsterdam",https://www.coffeeshopmenus.org/cs-new-times.html
New Times 2,Amsterdam,"New Times 2, Amstelstraat 35, Amsterdam 1017 DA",https://www.coffeeshopmenus.org/cs-newtimes2.html
New Wave,Eindhoven,"New Wave, Stratumsedijk 35, 5611 NB Eindhoven",https://www.coffeeshopmenus.org/cs-new-wave.html
New York,Rotterdam,"New York, Paul Krugerstraat 42, Rotterdam 3072 GM",https://www.coffeeshopmenus.org/cs-newyork-rot.html
Nice Place,Amsterdam,"Nice Place, Van Ostadestraat 290, 1073 TW Amsterdam",https://www.coffeeshopmenus.org/cs-nice-place.html
No Limit,den Haag,"No Limit, Witte de Withstraat 4a, The Hague 2518 CT",https://www.coffeeshopmenus.org/cs-no-limit.html
Noord,Amsterdam,"Noord, Ooievaarsweg 10, 1021 GZ, Amsterdam",https://www.coffeeshopmenus.org/cs-noord.html
Oke,Hilversum,"Oke, Naarderstraat 47, 1211 AJ Hilversum",https://www.coffeeshopmenus.org/cs-oke.html
Old Church 2,Amsterdam,"Old Church 2, Amstel 8, 1017 AA Amsterdam",https://www.coffeeshopmenus.org/cs-old-church-2.html
Omigo,Arnhem,"Omigo, Beekstraat 83, Arnhem 6811 DX",https://www.coffeeshopmenus.org/cs-omigo.html
Coffeeshop Oost,Amsterdam,"Coffeeshop Oost, 3e Oosterparkstraat 73, Amsterdam 1091 JV",https://www.coffeeshopmenus.org/cs-oost.html
de Os,Leeuwarden,"de Os, Korfmakersstraat 2, 8911 LA Leeuwarden",https://www.coffeeshopmenus.org/cs-os.html
The Otherside,Amsterdam,"The Otherside, Reguliersdwarsstraat 6, 1017 BM Amsterdam",https://www.coffeeshopmenus.org/cs-otherside.html
Out Of Time,Rotterdam,"Out Of Time, Nieuwe Binnenweg 363B, Rotterdam 3023 EK",https://www.coffeeshopmenus.org/cs-outoftime.html
de Overkant Hortus,Amsterdam,"de Overkant Hortus, Nieuwe Herengracht 71, 1011 RR Amsterdam",https://www.coffeeshopmenus.org/cs-overkant-hortus.html
Oya,Gouda,"Oya, Lange Groenendaal 104, 2801 LV Gouda",https://www.coffeeshopmenus.org/cs-oya.html
Pacific,Amsterdam,"Pacific, Balthasar Floriszstraat 10, Amsterdam 1071 VC",https://www.coffeeshopmenus.org/cs-pacific.html
Le Palais,Leiden,"Le Palais, Morsstraat 14, Leiden 2312 BM",https://www.coffeeshopmenus.org/cs-palais.html
De Palm,Apeldoorn,"De Palm, Asselsestraat 116-118, 7311 ES Apeldoorn",https://www.coffeeshopmenus.org/cs-palm.html
Papillon,Amsterdam,"Papillon, Van Der Helstplein 8, 1072 PH Amsterdam",https://www.coffeeshopmenus.org/cs-papillon-ams.html
Paradijs,Breda,"Paradijs, Sint Annastraat 3, Breda 4811 XK",https://www.coffeeshopmenus.org/cs-paradijs.html
Paradox,Amsterdam,"Paradox, 1e Bloemdwarsstraat 2, 1016 KS Amsterdam",https://www.coffeeshopmenus.org/cs-paradox.html
Pasja,Tilburg,"Pasja, Bredaseweg 123, 5038 NC Tilburg",https://www.coffeeshopmenus.org/cs-pasja.html
Pas Op,Schiedam,"Pas Op, Hoofdstraat 311, Schiedam 3114 GE",https://www.coffeeshopmenus.org/cs-pasop.html
Pax de Boot,Breda,"Pax de Boot, Nijverheidssingel 8, Breda 4811 VS",https://www.coffeeshopmenus.org/cs-paxdeboot.html
De Pijp,Zwolle,"De Pijp, Vechtstraat 98, Zwolle, NL",https://www.coffeeshopmenus.org/cs-pijp.html
Pink,Eindhoven,"Pink, Willemstraat 35a, 5611 HB Eindhoven",https://www.coffeeshopmenus.org/cs-pink.html
Piramide,Bussum,"Piramide, Kapelstraat 43a, Bussum 1404 HW",https://www.coffeeshopmenus.org/cs-piramide.html
Pit Stop,Alphen aan den Rijn,"Pit Stop, Hooftstraat 102, Alphen aan den Rijn 2406 GM",https://www.coffeeshopmenus.org/cs-pitstop.html
Pleasure,Utrecht,"Pleasure, Voorstraat 81, 3512 AL Utrecht",https://www.coffeeshopmenus.org/cs-pleasure.html
Plein 48,Zutphen,"Plein 48, Vaaltstraat 23, 7201 DA Zutphen",https://www.coffeeshopmenus.org/cs-plein-48.html
The Plug Amersfoort,Amersfoort,"The Plug Amersfoort, Amersfoortsestraat 12, Amersfoort 3821 CB",https://www.coffeeshopmenus.org/cs-plugamersfoort.html
The Plug Store,Amsterdam,"The Plug Store, Singel 14, Amsterdam 1013 GA",https://www.coffeeshopmenus.org/cs-plugstore.html
The Plug Utopia,Amsterdam,"The Plug Utopia, Nieuwezijds Voorburgwal 132, Amsterdam 1012 SH",https://www.coffeeshopmenus.org/cs-plug-utopia.html
The Plug West,Amsterdam,"The Plug West, Frederik Hendrikstraat 123, Amsterdam 1052 HP",https://www.coffeeshopmenus.org/cs-plug-west.html
Pluto,Rotterdam,"Pluto, Nieuwe Binnenweg 54, 3015 BB Rotterdam",https://www.coffeeshopmenus.org/cs-pluto.html
De Poort,Enkhuizen,"De Poort, Verlaat 5, Enkhuizen 1601 JW",https://www.coffeeshopmenus.org/cs-poort.html
Popeye,Amsterdam,"Popeye, Haarlemmerstraat 63, 1013 EK Amsterdam",https://www.coffeeshopmenus.org/cs-popeye.html
Power Flower,Apeldoorn,"Power Flower, Arnhemseweg 181, Apeldoorn 7331 BH",https://www.coffeeshopmenus.org/cs-power-flower.html
De Prijs,Amsterdam,"De Prijs, Surinamestraat 7, Amsterdam 1058 GJ",https://www.coffeeshopmenus.org/cs-prijs.html
Prix d'Ami,Amsterdam,"Prix d'Ami, Haringpakkerssteeg 3, Amsterdam 1012 LR",https://www.coffeeshopmenus.org/cs-prix-d-ami.html
de Professor,Hilversum,"de Professor, Kleine Drift 74, 1221 KB Hilversum",https://www.coffeeshopmenus.org/cs-professor.html
ProGram,Amsterdam,"ProGram, Daniel Stalpertstraat 78, Amsterdam 1072 XK",https://www.coffeeshopmenus.org/cs-program.html
Promenade,Hilversum,"Promenade, Naarderstraat 11, Hilversum 1211 AH",https://www.coffeeshopmenus.org/cs-promenade.html
Purple,Vlissingen,"Purple, Aagje Dekenstraat 7a, Vlissingen 4381 RM",https://www.coffeeshopmenus.org/cs-purple.html
Purple Rain,Breda,"Purple Rain, Willemstraat 12, Breda 4811 AK",https://www.coffeeshopmenus.org/cs-purplerain.html
Rag-a-Muffin,Groningen,"Rag-a-Muffin, Noorderstationsstraat 15, Groningen 9716 AN",https://www.coffeeshopmenus.org/cs-ragamuffin.html
Rastafarihouse Boni,Maastricht,"Rastafarihouse Boni, Stenenbrug 7, Maastricht 6211 HP",https://www.coffeeshopmenus.org/cs-rastafarihouseboni.html
The Reef,Rotterdam,"The Reef, Oppert 1, Rotterdam 3011 HS",https://www.coffeeshopmenus.org/cs-reef.html
Reefer,Amsterdam,"Reefer, Sint Antoniesbreestraat 77, 1011 HB Amsterdam",https://www.coffeeshopmenus.org/cs-reefer.html
Regine,Haarlem,"Regine, Gedempte Oudegracht 28, 2011 GP Haarlem",https://www.coffeeshopmenus.org/cs-regine.html
Relax,Amsterdam,"Relax, Binnen Oranjestraat 9, 1013 HZ Amsterdam",https://www.coffeeshopmenus.org/cs-relax-ams.html
Relaxed,Leiden,"Relaxed, Janvossensteeg 6- 8, 2312 WE Leiden",https://www.coffeeshopmenus.org/cs-relaxed.html
Relax,Leeuwarden,"Relax, Tuinen 33, 8911 KC Leeuwarden",https://www.coffeeshopmenus.org/cs-relax-lee.html
Relax,Meppel,"Relax, Prinsengracht 15, Meppel 7941 KD",https://www.coffeeshopmenus.org/cs-relax-mep.html
Relax Zuid,Amsterdam,"Relax Zuid, Vechtstraat 9, Amsterdam 1078 RE",https://www.coffeeshopmenus.org/cs-relaxzuid.html
Repelsteeltje,Leeuwarden,"Repelsteeltje, Grote Hoogstraat 44, Leeuwarden 8911 HB",https://www.coffeeshopmenus.org/cs-repelsteeltje.html
Republiek,Amsterdam,"Republiek, 2e Nassaustraat 1A, 1052 BJ, Amsterdam",https://www.coffeeshopmenus.org/cs-republiek.html
Resin,Amsterdam,"Resin, Hekelveld 7, 1012 SN Amsterdam",https://www.coffeeshopmenus.org/cs-resin.html
Retro,Groningen,"Retro, Boterdiep 42, Groningen 9712 LR",https://www.coffeeshopmenus.org/cs-retro.html
Reykjavik,Groningen,"Reykjavik, Spilsluizen 6, Groningen 9712 NS",https://www.coffeeshopmenus.org/cs-reykjavik.html
Ricks Coffeeshop,Amsterdam,"Ricks Coffeeshop, Oudezijds Voorburgwal 250, Amsterdam 1012 GK",https://www.coffeeshopmenus.org/cs-ricks-cafe.html
Risky Business,Amsterdam,"Risky Business, Bos en Lommerweg 163, 1055 DS Amsterdam",https://www.coffeeshopmenus.org/cs-risky-business.html
Rock-It,Amsterdam,"Rock-It, Nieuwmarkt 12, 1012 CR Amsterdam",https://www.coffeeshopmenus.org/cs-rock-it.html
Rockland,Amsterdam,"Rockland, Raadhuisstraat 8, Amsterdam 1016 DE",https://www.coffeeshopmenus.org/cs-rockland.html
Roots,Amsterdam,"Roots, Hoekenrode 14B, 1102 BR Amsterdam",https://www.coffeeshopmenus.org/cs-roots.html
Roots,Amersfoort,"Roots, Snouckaertlaan 30, Amersfoort 3811 MB",https://www.coffeeshopmenus.org/cs-rootsamer.html
Roxanne,Schagen,"Roxanne, Laan 5, 1741 EA Schagen",https://www.coffeeshopmenus.org/cs-roxanne.html
Roxy,Amsterdam,"Roxy, Gerard Doustraat 188, 1073 XA Amsterdam",https://www.coffeeshopmenus.org/cs-roxy.html
Ruthless,Amsterdam,"Ruthless, Hoofdweg 174, 1057 DC Amsterdam",https://www.coffeeshopmenus.org/cs-ruthless.html
Sahara,Enschede,"Sahara, Stadsgravenstraat 18, Enschede 7511 ES",https://www.coffeeshopmenus.org/cs-sahara.html
Saint,Amsterdam,"Saint, Regulierssteeg 2, Amsterdam 1017 CP",https://www.coffeeshopmenus.org/cs-saint.html
Sandman,Haarlem,"Sandman, Zomervaart 154, Haarlem 2033 DC",https://www.coffeeshopmenus.org/cs-sandman.html
Sativa,Amsterdam,"Sativa, Spuistraat 118, 1012 VA, Amsterdam",https://www.coffeeshopmenus.org/cs-sativa.html
De Schavuit,Groningen,"De Schavuit, Schuitendiep 62, Groningen 9711 RE",https://www.coffeeshopmenus.org/cs-schavuit.html
Scolo,IJmuiden,"Scolo, Snelliusstraat 21, IJmuiden 1973 PA",https://www.coffeeshopmenus.org/cs-scolo.html
Sensemillia,Amsterdam,"Sensemillia, Gillis van Ledenberchstraat 135-HS, Amsterdam 1052 LE",https://www.coffeeshopmenus.org/cs-sensemillia1.html
Sensemillia 2,Amsterdam,"Sensemillia 2, Meer en Vaart 177/b, 1068 LA Amsterdam",https://www.coffeeshopmenus.org/cs-sensemillia-2.html
Sensi Shop,Winterswijk,"Sensi Shop, Jonenstraat 8, Winterswijk 7101 GA",https://www.coffeeshopmenus.org/cs-sensishop.html
Seven,Rotterdam,"Seven, Joost van Geelstraat 69A, Rotterdam 3021 VL",https://www.coffeeshopmenus.org/cs-seven.html
Shiva,Tilburg,"Shiva, Koestraat 12, Tilburg 5014 ED",https://www.coffeeshopmenus.org/cs-shiva.html
Siberie,Amsterdam,"Siberie, Brouwersgracht 11, 1015 GA Amsterdam",https://www.coffeeshopmenus.org/cs-siberie.html
Simpel Minds,The Hague,"Simpel Minds, De La Reyweg 101, The Hague 2571 EC",https://www.coffeeshopmenus.org/cs-simpel-minds.html
Skunk Station,Roermond,"Skunk Station, Randweg 3, Roermond 6045 JK",https://www.coffeeshopmenus.org/cs-skunkstation.html
Sky,Breda,"Sky, Haagweg 56, Breda 4814 GE",https://www.coffeeshopmenus.org/cs-sky.html
Sky High,Rotterdam,"Sky High, Nieuwe Binnenweg 59, Rotterdam 3014 GD",https://www.coffeeshopmenus.org/cs-sky-high-rot.html
Sky High,Zwolle,"Sky High, van Karnebeekstraat 41, 8011 JB, Zwoole",https://www.coffeeshopmenus.org/cs-sky-high-z.html
Slow Motion,Maastricht,"Slow Motion, Bourgognestraat 10a, Maastricht 6221 BX",https://www.coffeeshopmenus.org/cs-slowmotion.html
Smokerdam,Amsterdam,"Smokerdam, Vechtstraat 63, 1079 JA Amsterdam",https://www.coffeeshopmenus.org/cs-smokerdam.html
Smokery,Wormerveer,"Smokery, Marktstraat 33, Wormerveer 1521 DW",https://www.coffeeshopmenus.org/cs-smokery.html
Smokey,Amsterdam,"Smokey, Rembrandtplein 24, 1017 CV Amsterdam",https://www.coffeeshopmenus.org/cs-smokey-ams.html
Smoky,Maastricht,"Smoky, Maaspromenade 13, Maastricht 6211 HS",https://www.coffeeshopmenus.org/cs-smoky.html
The Snoop,Haarlem,"The Snoop, Rijksstraatweg 198, Haarlem 2022 DH",https://www.coffeeshopmenus.org/cs-snoop.html
Solo,Amsterdam,"Solo, Korte Koningsstraat 2, 1011 GA Amsterdam",https://www.coffeeshopmenus.org/cs-solo.html
Space Ball,The Hague,"Space Ball, Wagenstraat 115a, The Hague 2512 AS",https://www.coffeeshopmenus.org/cs-space-ball.html
Speak Easy,Arnhem,"Speak Easy, Varkensstraat 3, Arnhem 6811 GM",https://www.coffeeshopmenus.org/cs-speakeasy.html
Speakeasy 2,Amsterdam,"Speakeasy 2, 1e Oosterparkstraat 47, 1091 GV Amsterdam",https://www.coffeeshopmenus.org/cs-speak-easy-ams-2.html
Splif II,Purmerend,"Splif II, Achterdijk 76, Purmerend 1441 DJ",https://www.coffeeshopmenus.org/cs-splifii.html
de Steeg,Woerden,"de Steeg, Rietveld 1, Woerden 3443 XA",https://www.coffeeshopmenus.org/cs-steeg.html
Stepping Inn,Heerhugowaard,"Stepping Inn, Raadhuisstraat 12, Heerhugowaard 1701 EK",https://www.coffeeshopmenus.org/cs-steppinginn.html
Stepping Out,Alkmaar,"Stepping Out, Ritsevoort 30, Alkmaar 1811 DP",https://www.coffeeshopmenus.org/cs-steppingout.html
Stones,Amsterdam,"Stones, Ruysdaelkade 145, Amsterdam 1072 AR",https://www.coffeeshopmenus.org/cs-stones.html
Strain Fellows,The Hague,"Strain Fellows, Marnixstraat 59, The Hague 2518 PW",https://www.coffeeshopmenus.org/cs-strainfellows.html
Stud,Amsterdam,"Stud, Molukkenstraat 581, Amsterdam 1095 BJ",https://www.coffeeshopmenus.org/cs-stud.html
Sultan,Rotterdam,"Sultan, Eksterstraat 16, Rotterdam 3083 XB",https://www.coffeeshopmenus.org/cs-sultan.html
SuperFly,Beverwijk,"SuperFly, Koningstraat 8, Beverwijk 1941 BD",https://www.coffeeshopmenus.org/cs-superfly.html
Superfly,Hoofddorp,"Superfly, Kruisweg 1043, 2131 CS Hoofddorp",https://www.coffeeshopmenus.org/cs-super-fly.html
de Supermarkt,Amsterdam,"de Supermarkt, Frederik Hendrikstraat 69, 1052 HL Amsterdam",https://www.coffeeshopmenus.org/cs-supermarkt.html
Superskunk,Amsterdam,"Superskunk, Prinsengracht 480, 1017 KG Amsterdam",https://www.coffeeshopmenus.org/cs-superskunk-2.html
Taffne,Beverwijk,"Taffne, Markt 59, 1941 BM, Beverwijk",https://www.coffeeshopmenus.org/cs-taffne.html
Take a Break,Amersfoort,"Take a Break, Terminalweg 11, Amersfoort 3821 AJ",https://www.coffeeshopmenus.org/cs-takeabreak.html
Tatanka,Amsterdam,"Tatanka (Smartshop), Korte Leidsedwarsstraat 151a, Amsterdam 1017 PZ",https://www.coffeeshopmenus.org/cs-tatanka.html
Terminator,Amsterdam,"Terminator, Admiraal de Ruijterweg 104, Amsterdam 1056 GP",https://www.coffeeshopmenus.org/cs-terminator.html
Terps Army,Amsterdam,"Terps Army, Nieuwe Nieuwstraat 32, 1012 NH Amsterdam",https://www.coffeeshopmenus.org/cs-terps-army.html
Terps Army 2,Amsterdam,"Terps Army 2, Zieseniskade 22, Amsterdam 1017 RT",https://www.coffeeshopmenus.org/cs-terps-army-2.html
La Tertulia,Amsterdam,"La Tertulia, Prinsengracht 312, 1016 HX Amsterdam",https://www.coffeeshopmenus.org/cs-tertulia.html
Thunderbird,Enschede,"Thunderbird, Wilhelminastraat 3, Enschede 7511 DM",https://www.coffeeshopmenus.org/cs-thundebird.html
Tops,Den Helder,"Tops, Koningstraat 34, Den Helder 1781 KH",https://www.coffeeshopmenus.org/cs-tops-dh.html
Trefpunt,Amsterdam,"Trefpunt, Zeeburgerdijk 33, Amsterdam 1093 SL",https://www.coffeeshopmenus.org/cs-trefpunt-ams.html
Trefpunt,Rotterdam,"Trefpunt, Botersloot 7, 3011 HE Rotterdam",https://www.coffeeshopmenus.org/cs-trefpunt-rot.html
Tweede Kamer,Amsterdam,"Tweede Kamer, Heisteeg 6, 1012 WC Amsterdam",https://www.coffeeshopmenus.org/cs-tweede-kamer.html
Twins,Weert,"Twins, Beekstraat 50, Weert 6001 GJ",https://www.coffeeshopmenus.org/cs-twins.html
Twins,Heerlen,"Twins, Honigmannstraat 49, Heerlen 6411 LJ",https://www.coffeeshopmenus.org/cs-twinshee.html
Tyson 2.0,Amsterdam,"Tyson 2.0, Spuistraat 222, 1012 VA Amsterdam",https://www.coffeeshopmenus.org/cs-tyson.html
Upstairs,Eindhoven,"Upstairs, Stratumseind 25, 5611 EN Eindhoven",https://www.coffeeshopmenus.org/cs-upstairs.html
Utoop,Leeuwarden,"Utoop, Grote Hoogstraat 34, 8911 HB Leeuwarden",https://www.coffeeshopmenus.org/cs-utoop.html
V.I.P. Shop,Utrecht,"V.I.P. Shop, 1e Daalsedijk 294, 3513 TL, Utrecht",https://www.coffeeshopmenus.org/cs-vip.html
Vliegende Hollander,Groningen,"Vliegende Hollander, Gedempte Zuiderdiep 63, 9711 HC Groningen",https://www.coffeeshopmenus.org/cs-vliegende-hollander.html
De Vlouw,Delft,"De Vlouw, Vlouw 48, 2611 EZ Delft",https://www.coffeeshopmenus.org/cs-vlouw.html
Vondel,Amsterdam,"Vondel, Overtoom 451-hs, 1054 kh Amsterdam",https://www.coffeeshopmenus.org/cs-vondel.html
Voyagers,Amsterdam,"Voyagers, Geldersekade 2, Amsterdam",https://www.coffeeshopmenus.org/cs-voyagers.html
De Vriendschap,Gouda,"De Vriendschap, Cappenersteeg 30, Gouda 2801 XP",https://www.coffeeshopmenus.org/cs-vriendschap.html
de Vrolijke Gaper,Gorinchem,"de Vrolijke Gaper, Molenstraat 23, 4201 CV Gorichem",https://www.coffeeshopmenus.org/cs-vrolijke-gaper.html
The Wall,Eindhoven,"The Wall, Marconilaan 23c, Eindhoven 5612 HM",https://www.coffeeshopmenus.org/cs-wall.html
de Walm,Arnhem,"de Walm, Sonsbeeksingel 115, 6822 BJ Arnhem",https://www.coffeeshopmenus.org/cs-walm.html
Warda 1&2,Amsterdam,"Warda 1&2, Van Woustraat 147, 1074 AJ Amsterdam",https://www.coffeeshopmenus.org/cs-warda-1.html
Juice Bar de Watersnip,Amsterdam,"Juice Bar de Watersnip, Lodewijk van Deysselstraat 37, Amsterdam 1064 HL",https://www.coffeeshopmenus.org/cs-watersnip.html
Waterworld,den Haag,"Waterworld, Gedempte Burgwal 55, 2512 BS den Haag",https://www.coffeeshopmenus.org/cs-waterworld.html
De Wedren,Nijmegen,"De Wedren, Prins Bernhardstraat 71, Nijmegen 6521 AD",https://www.coffeeshopmenus.org/cs-wedren.html
Wietstok,Utrecht,"Wietstok, Wittevrouwenstraat 21, 3512 CS Utrecht",https://www.coffeeshopmenus.org/cs-wietstock.html
Witte De With,Rotterdam,"Witte De With, Witte de Withstraat 92, 3012 BT Rotterdam",https://www.coffeeshopmenus.org/cs-witte-de-with.html
Willie Wortel Indica,Haarlem,"Willie Wortel Indica, Koudenhorn 58, 2011 JD Haarlem",https://www.coffeeshopmenus.org/cs-ww-indica.html
Willie Wortel Sativa,Haarlem,"Willie Wortel Sativa, Kruisweg 46, 2011 LD Haarlem",https://www.coffeeshopmenus.org/cs-ww-sativa.html
Willie Wortel's Sinsemilla,Haarlem,"Willie Wortel's Sinsemilla, Houtplein16a, Haarlem 2012 DH",https://www.coffeeshopmenus.org/cs-ww-sinsemilla.html
Yanks,Zandvoort,"Yanks, Dorpsplein 2, 2042 JK Zandvoort",https://www.coffeeshopmenus.org/cs-yanks.html
Yin Yang,Amsterdam,"Yin Yang, Knollendamstraat 5, Amsterdam 1013 TL",https://www.coffeeshopmenus.org/cs-yin-yang.html
Yo-Yo,Amsterdam,"Yo-Yo, 2e Jan van der Heijdenstraat 79, 1072 TZ Amsterdam",https://www.coffeeshopmenus.org/cs-yo-yo.html
Zero Zero,Alkmaar,"Zero Zero, Laat 32, 1811 EJ Alkmaarn",https://www.coffeeshopmenus.org/cs-zero-zero-alk.html
Zero Zero,Arnhem,"Zero Zero, Hommelseweg 19, 6821 LA, Arnhem",https://www.coffeeshopmenus.org/cs-zero-zero-arn.html
de Zone,Leeuwarden,"de Zone, Poststraat 37, 8911 GX Leeuwarden",https://www.coffeeshopmenus.org/cs-zone.html
Zoo,Zutphen,"Zoo, Laarstraat 87, Zutphen",https://www.coffeeshopmenus.org/cs-zoo-zut.html
Zuiderzee,Hoorn,"Zuiderzee, Dubbele Buurt 24, 1621 JW Hoorn",https://www.coffeeshopmenus.org/cs-zuiderzee.html
,,,
,,,
,,,
,,,
,,,
Rokerij,Amsterdam,"Rokerij (Closed), Lange Leidsedwarsstraat 41, 1017 NG Amsterdam",https://www.coffeeshopmenus.org/cs-rokerij.html
Rookies,Amsterdam,"Rookies, Korte Leidsedwarsstraat 145-147, 1017 PZ Amsterdam",https://www.coffeeshopmenus.org/cs-rookies.html
,,,
,,,
Route 66,Amsterdam,"Route 66, Warmoesstraat 77, 1012 HX Amsterdam",https://www.coffeeshopmenus.org/cs-route-66.html
,,,
,,,
Rusland,Amsterdam,"Rusland, Rusland 16, 1012 CL Amsterdam",https://www.coffeeshopmenus.org/cs-rusland.html
,,,
Sacramento,Leeuwarden,"Sacramento, Herenwaltje 12, 8911 HN Leeuwarden",https://www.coffeeshopmenus.org/cs-sacramento.html
,,,
,,,
,,,
Sanementereng,Amsterdam,"Sanementereng, 2e Laurierdwarsstraat 44, 1016 RB Amsterdam",https://www.coffeeshopmenus.org/cs-sanementereng.html
,,,
,,,
,,,
,,,
,,,
,,,
Sensi Smile,Rotterdam,"Sensi Smile, Henegouwerlaan 73, 3021 CT Rotterdam",https://www.coffeeshopmenus.org/cs-sensi-smile.html
,,,
Sevilla,Amsterdam,"Sevilla, Utrechtsestraat 14, 1017 VN Amsterdam",https://www.coffeeshopmenus.org/cs-sevilla.html
,,,
,,,
,,,
Skunk,Roermond,"Skunk (Closed), Zwartbroekstraat 29, 6041 JL Roermond",https://www.coffeeshopmenus.org/cs-skunk.html
,,,
,,,
Sky 2,den Haag,"Sky 2, Gortstraat 6, 2511 GK den Haag",https://www.coffeeshopmenus.org/cs-sky-2.html
Sky High 1,den Haag,"Sky High 1, Fluwelen Burgwal 1-C, The Hague 2511 CH",https://www.coffeeshopmenus.org/cs-sky-high-1.html
,,,
,,,
,,,
Smoke Palace,Amsterdam,"Smoke Palace (Closed), Linnaeusstraat 83, Amsterdam 1093 EK",https://www.coffeeshopmenus.org/cs-smoke-palace.html
,,,
,,,
,,,
Smokey,The Hague,"Smokey, Spui 241, The Hague 2511 BP",https://www.coffeeshopmenus.org/cs-smokey-haag.html
,,,
,,,
Softland,Amsterdam,"Softland, Spuistraat 222, 1012 VA Amsterdam",https://www.coffeeshopmenus.org/cs-softland.html
,,,
,,,
,,,
Speakeasy,Amsterdam,"Speakeasy (Closed), Oudebrugsteeg 4, 1012 JP Amsterdam",https://www.coffeeshopmenus.org/cs-speak-easy-ams.html
,,,
Speakeasy,den Bosch,"Speakeasy (Closed), Snellestraat 47, 5211 EM den Bosch",https://www.coffeeshopmenus.org/cs-speak-easy-bos.html
Splif,Beverwijk,"Splif, Koningstraat 8, 1941 BD, Beverwijk",https://www.coffeeshopmenus.org/cs-spliff.html
,,,
,,,
,,,
,,,
Stix,Amsterdam,"Stix, Utrechtsestraat 21, 1017 VH Amsterdam",https://www.coffeeshopmenus.org/cs-stix.html
,,,
Stones Corner,Amsterdam,"Stones Corner (Closed), Warmoesstraat 59, Amsterdam 1012 HW",https://www.coffeeshopmenus.org/cs-stones-corner.html
The Store,Amsterdam,"The Store, Singel 14, Amsterdam 1013 GA",https://www.coffeeshopmenus.org/cs-store.html
,,,
,,,
,,,
,,,
,,,
,,,
Superskunk 1,Amsterdam,"Superskunk 1, Daniel Stalpertstraat 78, Amsterdam 1072 XK",https://www.coffeeshopmenus.org/cs-superskunk1.html
,,,
SWED a Snoop Dogg Store,Amsterdam,"SWED a Snoop Dogg Store, Marnixstraat 333, Amsterdam 1016 TC",https://www.coffeeshopmenus.org/cs-swedasnoopdoggstore.html
,,,
,,,
,,,
,,,
,,,
,,,
,,,
Theehuis,Haarlem,"Theehuis (Closed), Smedestraat 25, 2011 RE Haarlem",https://www.coffeeshopmenus.org/cs-theehuis.html
,,,
Tops,Amsterdam,"Tops, Prinsengracht 480, 1017 KG Amsterdam",https://www.coffeeshopmenus.org/cs-tops-ams.html
,,,
,,,
,,,
Trinity,Amsterdam,"Trinity (Closed), Sarphatistraat 87, 1018 EZ Amsterdam",https://www.coffeeshopmenus.org/cs-trinity.html
Tuintje,Amsterdam,"Tuintje, Overtoom 451, 1054 KH Amsterdam",https://www.coffeeshopmenus.org/cs-tuintje.html
,,,
Tweedy,Amsterdam,"Tweedy (Closed), Vondelstraat 104, Amsterdam 1054 GR",https://www.coffeeshopmenus.org/cs-tweedy.html
Twilight Zone,Amsterdam,"Twilight Zone (Closed), Lange Niezel 7, 1012 GS Amsterdam",https://www.coffeeshopmenus.org/cs-twilight-zone.html
,,,
,,,
Two Twenty Two,Amsterdam,"Two Twenty Two (Closed), Oudezijds Voorburgwal 222, Amsterdam 1012 GJ",https://www.coffeeshopmenus.org/cs-two-twenty-two.html
,,,
,,,
,,,
,,,
,,,
,,,
,,,
,,,
,,,
,,,
,,,
Wall Street,Maastricht,"Wall Street (Closed), Grote Gracht 58, 6211 SX Maastricht",https://www.coffeeshopmenus.org/cs-wall-street.html
,,,
,,,
De Waterpijp,Apeldoorn,"De Waterpijp, Nieuwstraat 64, Apeldoorn 7311 BT",https://www.coffeeshopmenus.org/cs-waterpijp.html